[
    {
        "autor": {
            "apellido": "García",
            "nombre": "Marta"
        },
        "categoria": 1,
        "ingredientes": [
            {
                "cantidad": 1,
                "nombre": "Aceite de oliva",
                "unidad": 4
            },
            {
                "cantidad": 2,
                "nombre": "Aguacates",
                "unidad": 5
            },
            {
                "cantidad": 1,
                "nombre": "Cebolla",
                "unidad": 2
            },
            {
                "cantidad": 1,
                "nombre": "Chiles serranos",
                "unidad": 2
            },
            {
                "cantidad": 0.5,
                "nombre": "Cilantro",
                "unidad": 2
            },
            {
                "cantidad": 1,
                "nombre": "Jitomate",
                "unidad": 2
            },
            {
                "cantidad": 1,
                "nombre": "Lima",
                "unidad": 8
            },
            {
                "cantidad": 1,
                "nombre": "Pimienta",
                "unidad": 3
            },
            {
                "cantidad": 1,
                "nombre": "Sal",
                "unidad": 3
            },
            {
                "cantidad": 2,
                "nombre": "Tortillas de maíz",
                "unidad": 4
            }
        ],
        "nombre": "Guacamole",
        "preparacion": "1. Machaca los aguacates en un tazón. Añade la cebolla, jitomate, cilantro, jugo de lima, sal y pimienta.\n\n2. Mezcla bien y sirve con tortillas.",
        "rutaImagen": "C:/Users/MARIA/Documents/Materia Estructuras de Datos/Recetario_Digital/Recetario_Digital/build/Desktop_Qt_6_8_0_MinGW_64_bit-Debug/imagenes/PerfectGuacamole_6.jpg",
        "tiempoPreparacion": 15
    },
    {
        "autor": {
            "apellido": "Lopez",
            "nombre": "Carlos"
        },
        "categoria": 2,
        "ingredientes": [
            {
                "cantidad": 1,
                "nombre": "Aceite",
                "unidad": 4
            },
            {
                "cantidad": 1,
                "nombre": "Aguacate",
                "unidad": 5
            },
            {
                "cantidad": 200,
                "nombre": "Carne asada",
                "unidad": 1
            },
            {
                "cantidad": 1,
                "nombre": "Cebolla",
                "unidad": 2
            },
            {
                "cantidad": 1,
                "nombre": "Chiles",
                "unidad": 2
            },
            {
                "cantidad": 1,
                "nombre": "Cilantro",
                "unidad": 2
            },
            {
                "cantidad": 1,
                "nombre": "Limón",
                "unidad": 8
            },
            {
                "cantidad": 1,
                "nombre": "Sal",
                "unidad": 3
            },
            {
                "cantidad": 1,
                "nombre": "Salsa verde",
                "unidad": 9
            },
            {
                "cantidad": 1,
                "nombre": "Tortillas",
                "unidad": 4
            }
        ],
        "nombre": "Tacos de carne asada",
        "preparacion": "1. Cocina la carne asada en una sartén con aceite. Calienta las tortillas.\n\n2. Sirve la carne en las tortillas y añade cebolla, cilantro, chiles y aguacate.",
        "rutaImagen": "C:/Users/MARIA/Documents/Materia Estructuras de Datos/Recetario_Digital/Recetario_Digital/build/Desktop_Qt_6_8_0_MinGW_64_bit-Debug/imagenes/tacos de asada.jpg",
        "tiempoPreparacion": 20
    },
    {
        "autor": {
            "apellido": "Sanchez",
            "nombre": "Luis"
        },
        "categoria": 0,
        "ingredientes": [
            {
                "cantidad": 1,
                "nombre": "Cebolla",
                "unidad": 2
            },
            {
                "cantidad": 1,
                "nombre": "Cilantro",
                "unidad": 2
            },
            {
                "cantidad": 4,
                "nombre": "Huevos",
                "unidad": 1
            },
            {
                "cantidad": 1,
                "nombre": "Jitomate",
                "unidad": 2
            },
            {
                "cantidad": 1,
                "nombre": "Leche",
                "unidad": 10
            },
            {
                "cantidad": 1,
                "nombre": "Mantequilla",
                "unidad": 4
            },
            {
                "cantidad": 1,
                "nombre": "Pimienta",
                "unidad": 3
            },
            {
                "cantidad": 1,
                "nombre": "Pimiento morrón",
                "unidad": 2
            },
            {
                "cantidad": 100,
                "nombre": "Queso rallado",
                "unidad": 6
            },
            {
                "cantidad": 1,
                "nombre": "Sal",
                "unidad": 3
            }
        ],
        "nombre": "Huevos a la Mexicana",
        "preparacion": "1. Bate los huevos con la leche, sal y pimienta. En una sartén, derrite la mantequilla y sofríe la cebolla, el pimiento y el jitomate.\n\n2. Añade la mezcla de huevos y cocina a fuego medio hasta que cuaje. Decora con cilantro.",
        "rutaImagen": "C:/Users/MARIA/Documents/Materia Estructuras de Datos/Recetario_Digital/Recetario_Digital/build/Desktop_Qt_6_8_0_MinGW_64_bit-Debug/imagenes/Huevos-a-la-Mexicana-Instagram-Latinofoodie-735x693.png",
        "tiempoPreparacion": 20
    },
    {
        "autor": {
            "apellido": "Vazquez",
            "nombre": "Jorge"
        },
        "categoria": 2,
        "ingredientes": [
            {
                "cantidad": 1,
                "nombre": "Azúcar",
                "unidad": 3
            },
            {
                "cantidad": 1,
                "nombre": "Extracto de vainilla",
                "unidad": 2
            },
            {
                "cantidad": 1,
                "nombre": "Frutas variadas",
                "unidad": 2
            },
            {
                "cantidad": 1,
                "nombre": "Harina",
                "unidad": 6
            },
            {
                "cantidad": 3,
                "nombre": "Huevos",
                "unidad": 1
            },
            {
                "cantidad": 1,
                "nombre": "Leche",
                "unidad": 10
            },
            {
                "cantidad": 1,
                "nombre": "Mantequilla",
                "unidad": 4
            },
            {
                "cantidad": 1,
                "nombre": "Nueces",
                "unidad": 2
            },
            {
                "cantidad": 0.5,
                "nombre": "Polvo para hornear",
                "unidad": 6
            },
            {
                "cantidad": 0.5,
                "nombre": "Sal",
                "unidad": 3
            }
        ],
        "nombre": "Panqueques",
        "preparacion": "1. Mezcla todos los ingredientes hasta que estén bien combinados. Calienta una sartén y vierte un poco de la mezcla para formar los panqueques.\n\n2. Cocina hasta que aparezcan burbujas, voltea y cocina el otro lado. Sirve con frutas y nueces.",
        "rutaImagen": "C:/Users/MARIA/Documents/Materia Estructuras de Datos/Recetario_Digital/Recetario_Digital/build/Desktop_Qt_6_8_0_MinGW_64_bit-Debug/imagenes/Pancakes.jpg",
        "tiempoPreparacion": 25
    },
    {
        "autor": {
            "apellido": "Martinez",
            "nombre": "Claudia"
        },
        "categoria": 3,
        "ingredientes": [
            {
                "cantidad": 1,
                "nombre": "Aceite de oliva",
                "unidad": 4
            },
            {
                "cantidad": 1,
                "nombre": "Ajo",
                "unidad": 2
            },
            {
                "cantidad": 1,
                "nombre": "Albahaca fresca",
                "unidad": 2
            },
            {
                "cantidad": 200,
                "nombre": "Carne molida",
                "unidad": 1
            },
            {
                "cantidad": 0.5,
                "nombre": "Cebolla",
                "unidad": 2
            },
            {
                "cantidad": 2,
                "nombre": "Espaguetis",
                "unidad": 5
            },
            {
                "cantidad": 1,
                "nombre": "Pimienta negra",
                "unidad": 3
            },
            {
                "cantidad": 100,
                "nombre": "Queso parmesano",
                "unidad": 6
            },
            {
                "cantidad": 1,
                "nombre": "Sal",
                "unidad": 3
            },
            {
                "cantidad": 1,
                "nombre": "Salsa de tomate",
                "unidad": 9
            }
        ],
        "nombre": "Espaguetis a la Boloñesa",
        "preparacion": "1. Cocina los espaguetis en agua con sal. En una sartén, calienta el aceite de oliva y sofríe la cebolla y el ajo. Añade la carne molida y cocina hasta que esté dorada.\n\n2. Incorpora la salsa de tomate y cocina a fuego lento. Agrega sal, pimienta y albahaca.\n\n3. Sirve los espaguetis con la salsa por encima y espolvorea queso parmesano.",
        "rutaImagen": "C:/Users/MARIA/Documents/Materia Estructuras de Datos/Recetario_Digital/Recetario_Digital/build/Desktop_Qt_6_8_0_MinGW_64_bit-Debug/imagenes/espaguetis-a-la-bolonesa-1080x671.jpg",
        "tiempoPreparacion": 25
    },
    {
        "autor": {
            "apellido": "Rodriguez Gonzalez",
            "nombre": "Salvador Esau"
        },
        "categoria": 1,
        "ingredientes": [
            {
                "cantidad": 1,
                "nombre": "Aceite vegetal",
                "unidad": 4
            },
            {
                "cantidad": 1,
                "nombre": "Ajo",
                "unidad": 2
            },
            {
                "cantidad": 0.5,
                "nombre": "Azúcar",
                "unidad": 3
            },
            {
                "cantidad": 3,
                "nombre": "Harina de trigo",
                "unidad": 6
            },
            {
                "cantidad": 1,
                "nombre": "Jengibre fresco",
                "unidad": 2
            },
            {
                "cantidad": 1,
                "nombre": "Leche evaporada",
                "unidad": 10
            },
            {
                "cantidad": 1.5,
                "nombre": "Pechuga de pollo",
                "unidad": 1
            },
            {
                "cantidad": 1,
                "nombre": "Pimienta negra",
                "unidad": 3
            },
            {
                "cantidad": 0.5,
                "nombre": "Sal",
                "unidad": 3
            },
            {
                "cantidad": 1,
                "nombre": "Vinagre",
                "unidad": 4
            }
        ],
        "nombre": "Pollo a la naranja",
        "preparacion": "1. Para el pollo, mezcla la sal con ajo, la pimienta, 1 taza de fécula, la harina, los huevos y la Leche Evaporada CARNATION® CLAVEL®, bate perfectamente hasta integrar por completo. Añade el pollo y mezcla; refrigera por 1 hora. Fríe el pollo en el aceite caliente y coloca en papel absorbente para retirar el exceso de grasa.\n\n2. Para la salsa de naranja, calienta el aceite, fríe ligeramente el jengibre, el ajo y las hojuelas de chile. Añade el azúcar, el vinagre, el jugo de naranja y la Salsa de Soya MAGGI®; calienta hasta que hierva, agrega la fécula de maíz previamente disuelta y el aceite de ajonjolí; cocina hasta que espese ligeramente.\n\n3. Sirve el pollo con la salsa, decora con el ajonjolí y el cebollín, ofrece.",
        "rutaImagen": "C:/Users/MARIA/Documents/Materia Estructuras de Datos/Recetario_Digital/Recetario_Digital/build/Desktop_Qt_6_8_0_MinGW_64_bit-Debug/imagenes/ee09853b25013b94233ed44b1ae806bf53f6e0bd.jpg",
        "tiempoPreparacion": 30
    },
    {
        "autor": {
            "apellido": "Hernandez",
            "nombre": "Ana"
        },
        "categoria": 1,
        "ingredientes": [
            {
                "cantidad": 1,
                "nombre": "Aceite de oliva",
                "unidad": 4
            },
            {
                "cantidad": 2,
                "nombre": "Ajo",
                "unidad": 2
            },
            {
                "cantidad": 1,
                "nombre": "Cebolla",
                "unidad": 2
            },
            {
                "cantidad": 1,
                "nombre": "Chiles",
                "unidad": 2
            },
            {
                "cantidad": 1,
                "nombre": "Limón",
                "unidad": 8
            },
            {
                "cantidad": 1,
                "nombre": "Perejil",
                "unidad": 2
            },
            {
                "cantidad": 1,
                "nombre": "Pescado",
                "unidad": 4
            },
            {
                "cantidad": 1,
                "nombre": "Pimienta",
                "unidad": 3
            },
            {
                "cantidad": 1,
                "nombre": "Sal",
                "unidad": 3
            },
            {
                "cantidad": 1,
                "nombre": "Tomates",
                "unidad": 2
            }
        ],
        "nombre": "Pescado a la parrilla",
        "preparacion": "1. Marina el pescado con limón, ajo, sal y pimienta. Deja reposar 30 minutos.\n\n2. Asa el pescado en una parrilla caliente, y sirve con perejil y chiles asados.",
        "rutaImagen": "C:/Users/MARIA/Documents/Materia Estructuras de Datos/Recetario_Digital/Recetario_Digital/build/Desktop_Qt_6_8_0_MinGW_64_bit-Debug/imagenes/Pescado-a-la-parrilla-con-salsa-de-mango-y-cilantro-1.jpg",
        "tiempoPreparacion": 40
    },
    {
        "autor": {
            "apellido": "Alvarez",
            "nombre": "Sofia"
        },
        "categoria": 2,
        "ingredientes": [
            {
                "cantidad": 1,
                "nombre": "Aceite de oliva",
                "unidad": 4
            },
            {
                "cantidad": 1,
                "nombre": "Ajo",
                "unidad": 2
            },
            {
                "cantidad": 1,
                "nombre": "Brócoli",
                "unidad": 5
            },
            {
                "cantidad": 2,
                "nombre": "Calabacines",
                "unidad": 5
            },
            {
                "cantidad": 1,
                "nombre": "Cebolla",
                "unidad": 2
            },
            {
                "cantidad": 1,
                "nombre": "Limon",
                "unidad": 8
            },
            {
                "cantidad": 1,
                "nombre": "Perejil",
                "unidad": 2
            },
            {
                "cantidad": 1,
                "nombre": "Pimienta",
                "unidad": 3
            },
            {
                "cantidad": 1,
                "nombre": "Sal",
                "unidad": 3
            },
            {
                "cantidad": 2,
                "nombre": "Zanahorias",
                "unidad": 5
            }
        ],
        "nombre": "Verduras asadas",
        "preparacion": "1. Corta las verduras en trozos y colócalas en una bandeja para hornear. Rocía con aceite, sal y pimienta.\n\n2. Asa en el horno a 200 °C durante 30 minutos. Sirve con perejil y limón.",
        "rutaImagen": "C:/Users/MARIA/Documents/Materia Estructuras de Datos/Recetario_Digital/Recetario_Digital/build/Desktop_Qt_6_8_0_MinGW_64_bit-Debug/imagenes/Parrilla-de-Verduras-Asadas-ajustada-web-570x458.jpg",
        "tiempoPreparacion": 40
    },
    {
        "autor": {
            "apellido": "Rodriguez",
            "nombre": "Esau"
        },
        "categoria": 3,
        "ingredientes": [
            {
                "cantidad": 200,
                "nombre": "Cebolla",
                "unidad": 0
            },
            {
                "cantidad": 125,
                "nombre": "Manteca de cerdo",
                "unidad": 0
            },
            {
                "cantidad": 100,
                "nombre": "Manzana",
                "unidad": 2
            },
            {
                "cantidad": 150,
                "nombre": "Orejones",
                "unidad": 0
            },
            {
                "cantidad": 250,
                "nombre": "Pan duro",
                "unidad": 0
            },
            {
                "cantidad": 5,
                "nombre": "Pavo",
                "unidad": 1
            },
            {
                "cantidad": 100,
                "nombre": "Uvas",
                "unidad": 0
            },
            {
                "cantidad": 50,
                "nombre": "Vino dulce",
                "unidad": 2
            }
        ],
        "nombre": "Pavo relleno",
        "preparacion": "1.Colocar en un tazón el pavo, lavarlo y escurrirlo bien.\n\n2.En una licuadora colocar los demás ingredientes menos las papas, procesar por 1 minuto.\n\n3.Precalentar el horno a 250c°\n\n4.Rellenar el pavo con las papas rojas, verter la mezcla al pavo cubriéndolo por completo. Marinar por 30 minutos.\n\n5.Hornear por 3 ½ horas a 180c°.\n\n6.Retirar del horno dejar reposar 10 minutos a temperatura ambiente.",
        "rutaImagen": "C:/Users/MARIA/Documents/Materia Estructuras de Datos/Recetario_Digital/Recetario_Digital/build/Desktop_Qt_6_8_0_MinGW_64_bit-Debug/imagenes/pavo-relleno-para-navidad.jpg",
        "tiempoPreparacion": 240
    }
]
